pmc_name,name,address,city,zip
CONAM Management Corporation,,4050 University Avenue,San Diego,92105
CONAM Management Corporation,,8201 Merge Avenue,San Diego,92129
CONAM Management Corporation,,5256 Naranja Street,San Diego,92114
CONAM Management Corporation,,601 Telegraph Canyon Road,Chula Vista,91910
CONAM Management Corporation,,2357 S. Santa Fe,Vista,92083
CONAM Management Corporation,,1475 Imperial Avenue,San Diego,92101
CONAM Management Corporation,,4054 43rd Street,San Diego,92105
CONAM Management Corporation,,5255 Mount Etna Drive,San Diego,92117
CONAM Management Corporation,,5251 Mount Etna Drive,San Diego,92117
CONAM Management Corporation,,15051 Junipers Drive,San Diego,92129
CONAM Management Corporation,,699 14th Street,San Diego,92101
CONAM Management Corporation,,4754 Logan Avenue,San Diego,92113
CONAM Management Corporation,,4079 Messina Drive,San Diego,92113
CONAM Management Corporation,,1055 Ninth Ave,San Diego,92101
CONAM Management Corporation,,1150 Quail Gardens Drive,Encinitas,92024
CONAM Management Corporation,,4470 Alvarado Canyon Rd.,San Diego,92120
CONAM Management Corporation,,16610 Templeton Street,San Diego,92127
CONAM Management Corporation,,1000 Chinquapin Ave,Carlsbad,92008
CONAM Management Corporation,,351 Tamarack Ave,Carlsbad,92008
CONAM Management Corporation,,315 Acacia Ave,Carlsbad,92008
CONAM Management Corporation,,360 Chestnut Ave,Carlsbad,92008
CONAM Management Corporation,,355 Pine Avenue,Carlsbad,92008
CONAM Management Corporation,,315 Walnut Avenue,Carlsbad,92008
CONAM Management Corporation,,935 Laguna Dr,Carlsbad,92008
CONAM Management Corporation,,2603 Jefferson St,Carlsbad,92008
CONAM Management Corporation,,4025 Oakcrest Dr,San Diego,92105
CONAM Management Corporation,,4795 Frazee Rd,Oceanside,92057
CONAM Management Corporation,,1260 Calle Jules,Vista,92084
CONAM Management Corporation,,1515 S Melrose Dr,Vista,92081
CONAM Management Corporation,,173 Durian St,Vista,92083
CONAM Management Corporation,,3634 College Blvd,Oceanside,92056
CONAM Management Corporation,,1910 Broadway St,Oceanside,92054
CONAM Management Corporation,,854 Vine Street,Oceanside,92054
CONAM Management Corporation,,6950 Levant Street,San Diego,92111
CONAM Management Corporation,,7251 Naval Way,San Diego,92126
CONAM Management Corporation,,4061 Fairmount Avenue,San Diego,92105
CONAM Management Corporation,,3610 Harding Street,San Diego,92127
CONAM Management Corporation,,4372 Home Avenue,San Diego,92105
CONAM Management Corporation,,800 B Avenue,National City,91950
CONAM Management Corporation,,2645 Ulric Street,San Diego,92111
CONAM Management Corporation,,5052 Hilltop Drive,San Diego,92102
CONAM Management Corporation,,501 South Santa Fe Avenue,Vista,92083
CONAM Management Corporation,,815 Civic Center Drive,Vista,92084
CONAM Management Corporation,,4380 Alvarado Canyon Road,San Diego,92120
CONAM Management Corporation,,1600 W Ninth Ave,Escondido,92029
CONAM Management Corporation,,1730 3rd Avenue,San Diego,92101
CONAM Management Corporation,,1734 Solstice Avenue,Chula Vista,91913
CONAM Management Corporation,,7720 Belden Street,San Diego,92111
CONAM Management Corporation,,4150 Bonillo Drive,San Diego,92115
CONAM Management Corporation,,4254 Corte Sol,Oceanside,92056
CONAM Management Corporation,,1231 Medical Center Drive,Chula Vista,91911
CONAM Management Corporation,,6984 Torrey Santa Fe Road,San Diego,92129
CONAM Management Corporation,,6591 Rancho del Sol Way,San Diego,92130
CONAM Management Corporation,,7847 Mission Gorge Road,Santee,92071
CONAM Management Corporation,,6240 Mission Gorge Road,San Diego,92120
CONAM Management Corporation,,1901 Cassia Road,Carlsbad,92011
CONAM Management Corporation,,6525 Rancho Del Sol Way,San Diego,92130
CONAM Management Corporation,,13370 Torrey Meadows Drive,San Diego,92129
CONAM Management Corporation,,4422 Euclid Avenue,San Diego,92115
CONAM Management Corporation,,444 East Fourth Avenue,Escondido,92025
CONAM Management Corporation,,13414 Community Road,Poway,92064
CONAM Management Corporation,,567 Canyon Drive,Oceanside,92054
CONAM Management Corporation,,2350 Russell Parkway,San Diego,92108
CONAM Management Corporation,,12759 Seabreeze Farms Drive,San Diego,92130
CONAM Management Corporation,,1194 Hollister Street,San Diego,92154
CONAM Management Corporation,,6711 Torenia Trail,San Diego,92130
CONAM Management Corporation,,16775 Saintsbury Glen,San Diego,92127
CONAM Management Corporation,,2155 Corte Vista,Chula Vista,91915
CONAM Management Corporation,,13001 Bowron Road,Poway,92064
CONAM Management Corporation,,515 13th Street,San Diego,92101
CONAM Management Corporation,,13250 Civic Center Drive,Poway,92064
CONAM Management Corporation,,13481 Silver Ivy Lane,San Diego,92129
CONAM Management Corporation,,5003 Imperial Avenue,San Diego,92113
CONAM Management Corporation,,235 Via Pelicano,Oceanside,92057
CONAM Management Corporation,,12509 Oak Knoll Road,Poway,92064
CONAM Management Corporation,,301 North Santa Fe Avenue,Vista,92084
CONAM Management Corporation,,4200 Texas Street,San Diego,92104
CONAM Management Corporation,,4179 3rd Avenue,San Diego,92103
CONAM Management Corporation,,3229 Mission Cove Way,Oceanside,92054
CONAM Management Corporation,,7785 Mission Gorge Road,San Diego,92120
CONAM Management Corporation,,1119 Tremont Street,Oceanside,92054
CONAM Management Corporation,,4651 Red Bluff Place,Carlsbad,92010
CONAM Management Corporation,,6847 Potomac Street,San Diego,92139
CONAM Management Corporation,,260 N. Midway Drive,Escondido,92027
CONAM Management Corporation,,1501 Broadway,Chula Vista,91911
CONAM Management Corporation,,1475 Oak Drive,Vista,92084
CONAM Management Corporation,,240 Landis Avenue,Chula Vista,91910
CONAM Management Corporation,,1500 Orange Place,Escondido,92025
CONAM Management Corporation,,2122 Burdock Way,Chula Vista,91915
CONAM Management Corporation,,1768 Java Way,Chula Vista,91915
CONAM Management Corporation,,1290 Keeler Court,San Diego,92113
CONAM Management Corporation,,3795 Florida Street,San Diego,92104
CONAM Management Corporation,,2965 Luiseno Way,Carlsbad,92010
CONAM Management Corporation,,5858 Mt. Alifan Street,San Diego,92111
CONAM Management Corporation,,641 North Vulcan,Encinitas,92024
CONAM Management Corporation,,373 S. Willie James Jones Avenue,San Diego,92113
CONAM Management Corporation,,12979 Community Road,Poway,92064
CONAM Management Corporation,,8729 Graves Ave,Santee,92071
CONAM Management Corporation,,13455 Poway Creek Road,Poway,92064
CONAM Management Corporation,,3555 Glen Avenue,Carlsbad,92010
CONAM Management Corporation,,9560 Via Zapador,Santee,92071
CONAM Management Corporation,,493 Beaumont Glen,Escondido,92026
CONAM Management Corporation,,1985 National Avenue,San Diego,92113
CONAM Management Corporation,,1715 Orion Avenue,Chula Vista,91913
CONAM Management Corporation,,3690 Del Sol Blvd,San Diego,92154
CONAM Management Corporation,,1821 Escondido Blvd.,Escondido,92025
CONAM Management Corporation,,1435 Imperial Avenue,San Diego,92101
CONAM Management Corporation,,13533 Zinnia Hills Place,San Diego,92130
CONAM Management Corporation,,2129 Coronado Avenue,San Diego,92154
CONAM Management Corporation,,4321 52nd Street,San Diego,92115
CONAM Management Corporation,,201 Country Club Lane,Oceanside,92054
CONAM Management Corporation,,4105 Georgia Street,San Diego,92103
CONAM Management Corporation,,3820 43rd Street,San Diego,92105
CONAM Management Corporation,,4029 43rd Street,San Diego,92105
CONAM Management Corporation,,8616 Fanita Drive,Santee,92071
CONAM Management Corporation,,5575 Shasta Lane,La Mesa,91942
CONAM Management Corporation,,525 E Camden Avenue,El Cajon,92020
CONAM Management Corporation,,3412 Beyer Blvd,San Diego,92173
CONAM Management Corporation,,1425 C Street,San Diego,92101
CONAM Management Corporation,,624 12th Street,Imperial Beach,91932
CONAM Management Corporation,,3810 Winona Avenue,San Diego,92105
CONAM Management Corporation,,1453 4th Avenue,San Diego,92101
CONAM Management Corporation,,13098 Poway Road,Poway,92064
CONAM Management Corporation,,3836 Alabama Street,San Diego,92104
Irvine Company,Apartments In San Diego,,San Diego,
Irvine Company,The Village Mission Valley,,San Diego,
Irvine Company,Solazzo,,San Diego,
Irvine Company,The Villas of Renaissance,,San Diego,
Irvine Company,Westwood,,San Diego,
Irvine Company,Torrey Villas,,San Diego,
Irvine Company,Marbella,,San Diego,
Irvine Company,Torrey Hills,,San Diego,
Irvine Company,Arcadia at Stonecrest Village,,San Diego,
Irvine Company,Harborview,,San Diego,
Irvine Company,Monte Vista,,San Diego,
Irvine Company,Seascape,,San Diego,
Irvine Company,Del Rio,,San Diego,
Irvine Company,Torrey Ridge,,San Diego,
Irvine Company,Pacific View,,San Diego,
Irvine Company,La Jolla Palms,,San Diego,
Irvine Company,Carlsbad,,San Diego,
Irvine Company,Join Interest List,,San Diego,
Irvine Company,Back To Top,,San Diego,
Irvine Company,Privacy Policy,,San Diego,
Greystar,Elowen,8555 Aero Drive,San Diego,92123
Greystar,Pierside South Apartments,115 N. Cleveland Street,Oceanside,92054
Greystar,Rowan,700 W Grand Ave,Escondido,92025
Greystar,Sunbow Villas,750 Paso De Luz,Chula Vista,91911
Greystar,Triton Encinitas,1967 N Vulcan,Encinitas,92024
Greystar,Array La Mesa,4949 Baltimore Drive,La Mesa,91942
Greystar,Persea,1333 N. Santa Fe Ave.,Vista,92084
Greystar,Palomar Station,1257 Armorlite Dr.,San Marcos,92069
Greystar,Parc One,320 Town Center Pkwy.,Santee,92071
Greystar,Flower Fields Apartments,2666 Flower Fields Way,Carlsbad,92010
Greystar,Park Pointe Apartments,2450 Hilton Head Pl.,El Cajon,92019
Greystar,Silo Apartments at Epoca,7231 Colchester CT.,San Diego,92154
Greystar,Rowyn,3775 Sixth Ave,San Diego,92103
Greystar,Vora Mission Valley,4440 Twain Ave. - Leasing Office East,San Diego,92120
Greystar,Folia,12520 Camino del Sur,San Diego,92129
Greystar,64 Forty Apartments,6440 El Cajon Blvd,San Diego,92115
Greystar,Metro Mission Valley,5080 Camino Del Arroyo,San Diego,92108
Greystar,The Casas,10802-B Camino Ruiz,San Diego,92126
Greystar,Entrada Apartments,453 13th Street,San Diego,92101
Greystar,Sola at Pacific Highlands Ranch,13385 Highlands Pl.,San Diego,92130
Greystar,2911 Adams,2911 Adams Avenue,San Diego,92116
Greystar,Tenth&G,707 Tenth Ave,San Diego,92101
Greystar,Cielo,915 West Grape Street,San Diego,92101
Greystar,Iconic on Alvarado,6625 Alvarado Rd,San Diego,92120
Greystar,MODE,635 Robinson Avenue,San Diego,92103
Greystar,K1 Apartments,330 13th Street,San Diego,92101
Greystar,Lakeview 88 Apartments,2758 Lake Pointe Drive,San Diego,91977
Greystar,Jefferson at Carmel Mountain Ranch,11832 Stoney Peak Drive,San Diego,92128
Greystar,Village Square Apartments,8683 Via Mallorca,San Diego,92037
Greystar,Ocean Breeze Apartments,561 W. San Ysidro Blvd.,San Diego,92173
Greystar,Casoleil,1100 Dennery Rd.,San Diego,92154
Greystar,525 Olive,525 Olive Street,San Diego,92103
Greystar,Riveredge Terrace,4805 Wind Surf Wy.,San Diego,92154
Greystar,AV8,2155 Kettner Blvd.,San Diego,92101
Greystar,Union Grantville,4520 Alvarado Canyon Road,San Diego,92120
Greystar,3167 Market,3167 Market St,San Diego,92102
Greystar,Legacy,9320 Hillery Dr.,San Diego,92126
Greystar,Valentina by Alta,1919 Pacific Highway,San Diego,92101
Greystar,Signature Point,13006 Signature Point,San Diego,92130
Greystar,Axiom La Jolla,3950 Mahalia Ave.,San Diego,92122
Greystar,Gravity,4560 Mission Gorge Place,San Diego,92120
Greystar,The Wyatt,1509 Broadway,San Diego,92101
Greystar,Regents La Jolla,9253 Regents Rd,San Diego,92037
Greystar,Overlook at Bernardo Heights,15909 Avenida Venusto,San Diego,92128
Greystar,Stanza Little Italy,310 A Street,San Diego,92101
Greystar,One Paseo Living,3200 Paseo Village Way,San Diego,92014
Greystar,Altura,11921 Carmel Creek Rd.,San Diego,92130
Greystar,Azul North Park,4499 Ohio Street,San Diego,92116
Greystar,Greenfield Village,5540 Ocean Gate Ln.,San Diego,92154
Greystar,Jackson Pointe 111 Apartments,2758 Lake Pointe Drive,San Diego,91977
Greystar,City View Apartments,840 17th Street,San Diego,92101
Greystar,Alexan Camellia,4888 Convoy St,San Diego,92111
Greystar,The Missions at Rio Vista,2242 Gill Village Wy. (Station Village Wy),San Diego,92108
Greystar,Gema Apartments,1471 8th Avenue,San Diego,92101
Greystar,Ascent at Campus of Life,9890 Graduate Driveway,San Diego,92131
Greystar,Palisade UTC,8800 Lombard Place,San Diego,92122
Greystar,Ironwood at Epoca Apartments,2240 Ironwood Circle,San Diego,92154
Greystar,Eighteen Ten State St.,1810 State Street,San Diego,92101
Greystar,Mason Townhomes at Epoca,2451 Mason Drive,San Diego,92154
Greystar,Denizen Apartments,3840 Sixth Avenue,San Diego,92103
Greystar,Park Summit Apartments,555 Upas Street,San Diego,92103
Greystar,Alexan Gallerie,375 Camino de la Reina,San Diego,92108
Greystar,The Landing at Ocean View Hills,455 Dennery Rd.,San Diego,92154
Greystar,Regents Court,8465 Regents Road,San Diego,92122
Greystar,Ocean Air,10500 Sea Pearl Cove,San Diego,92130
Greystar,Avino,5040 Camino San Fermin,San Diego,92130
Greystar,Broadstone Mission Valley,1908 Hotel Circle North,San Diego,92108
Greystar,Navajo Bluffs,6575 Jaffe Ct.,San Diego,92119
Greystar,Tenney North Park,2260 El Cajon Blvd,San Diego,92104
Greystar,Diega,702 Broadway,San Diego,92101
Greystar,625 Broadway,625 Broadway,San Diego,92101
Greystar,Ancora,110 Beech Street,San Diego,92101
Greystar,Stone Arbor,612 Los Arbolitos Blvd,Oceanside,92054
Greystar,Alta O'side,1001 N Coast Hwy,Oceanside,92054
Greystar,Pierside,260 Mission Avenue,Oceanside,92054
Greystar,Solana at Grand,1501 East Grand Avenue,Escondido,92027
Greystar,Marlowe Palomar Heights,"101 Chamomile Glen, Unit 100",Escondido,92025
Greystar,Latitude33,515 Meander Glen,Escondido,92025
Greystar,Altair Apartment Homes,1361 W 9th Ave.,Escondido,92029
Greystar,Haven76,2414 S Escondido Blvd,Escondido,92025
Greystar,Madera Ridge Apartments,1051 West El Norte Pkwy,Escondido,92026
Greystar,Alcove,650 North Centre City Pkwy,Escondido,92025
Greystar,Sereno,930 3rd Avenue,Chula Vista,91911
Greystar,Stirling at Cota Vera,2045 Paseo Belluno,Chula Vista,91913
Greystar,Vista Lane,1440 2nd Avenue,Chula Vista,91911
Greystar,Tavera,1465 Santa Victoria Rd.,Chula Vista,91913
Greystar,Artisan at the Village of Escaya,1151 Encanto Loop,Chula Vista,91913
Greystar,Terra Vista,1441 Santa Lucia Rd.,Chula Vista,91913
Greystar,The Residences at Cota Vera,1575 Camino Altezza,Chula Vista,91913
Greystar,Missions at Sunbow Apartments,825 East Palomar St.,Chula Vista,91911
Greystar,Teresina,1250 Santa Cora Avenue,Chula Vista,91913
Greystar,Rivue,1902 Millenia Ave.,Chula Vista,91915
Greystar,Palmera,1225 Broadway,Chula Vista,91911
Greystar,Boardwalk at Millenia,1660 Metro Ave.,Chula Vista,91915
Greystar,Luminary at Cota Vera,6000 Luminary Drive,Chula Vista,91913
Greystar,Salerno,1630 Paseo Monti,Chula Vista,91913
Greystar,Rolling Hills Gardens Apartments,2290 Mackenzie Creek Road,Chula Vista,91914
Greystar,Azul Chula Vista,310 K Street,Chula Vista,91911
Greystar,Rosina Vista,1551 Summerland St.,Chula Vista,91913
Greystar,Seta Apartments,7346 Parkway Dr.,La Mesa,91942
Greystar,The District Apartments,8727 Fletcher Parkway,La Mesa,91942
Greystar,Central Park,5636 Amaya Dr.,La Mesa,91942
Greystar,Adagio,5427 Lake Murray Blvd.,La Mesa,91942
Greystar,Bella Terra,365 Pomelo Dr.,Vista,92081
Greystar,Softwind Point,881 Soft Wind Rd,Vista,92081
Greystar,Shadowridge Woodbend,1500 Shadowridge Dr.,Vista,92081
Greystar,Whispering Oaks Apartments,468 North Twin Oaks Valley Road,San Marcos,92069
Greystar,222 North City,222 North City Drive,San Marcos,92096
Greystar,Overture San Marcos,852 Avenida Ricardo,San Marcos,92069
Greystar,Anden,152 North Twin Oaks Valley Road #106,San Marcos,92069
Greystar,Santee Villas,10445 Mast Blvd.,Santee,92071
Greystar,Ascend2300,2300 Rising Glen Wy.,Carlsbad,92008
Greystar,Lucia at Aviara,1205 Aviara Parkway,Carlsbad,92011
Greystar,The Lofts at Carlsbad Village,1040 Carlsbad Village Dr,Carlsbad,92008
